Action_Category,Specific_Action,Active_Substance_Code,Active_Substance_Name,Chemical_Class,Mode_of_Action,Application_Method_Dosage,Expected_Result,Efficacy_Level,Target_Crops
SEED_TREATMENT,Growth stimulation,IBA,Indole-3-butyric Acid,Auxin,Rooting hormone,Apply 100-1000 ppm solution for seed soaking 2-6 hours,"Enhanced germination rate, stronger root system",HIGH,"Vegetable crops, ornamentals"
SEED_TREATMENT,Disease protection,Thiamine B1,Thiamine,Vitamin,Enzyme cofactor,Apply 50-200 ppm in seed treatment solution,Improved stress tolerance and disease resistance,MEDIUM,"Cereal crops, legumes"
SEED_TREATMENT,Stress tolerance,Proline,L-Proline,Amino Acid,Osmoprotectant,Apply 100-500 ppm for seed priming,Enhanced drought and salt stress tolerance,HIGH,All crops in stress conditions
SEED_TREATMENT,Antioxidant protection,Ascorbic Acid,Vitamin C,Vitamin,Antioxidant,Apply 100-300 ppm in seed treatment,Protection against oxidative stress,MEDIUM,All crops under stress
FOLIAR_APPLICATION,Growth enhancement,Triacontanol,1-Triacontanol,Biostimulant,Growth stimulator,Apply 0.05-0.2 ppm foliar spray,Increased photosynthesis and yield,HIGH,"All crops, especially in vegetative stage"
FOLIAR_APPLICATION,Stress mitigation,DA-6,Diethylaminoethyl hexanoate,Biostimulant,Growth enhancer,Apply 10-50 ppm foliar spray,Enhanced stress resistance and growth,HIGH,All crops under stress conditions
FOLIAR_APPLICATION,Chlorophyll synthesis,5-ALA,5-Aminolevulinic Acid,Biostimulant,Chlorophyll precursor,Apply 5-25 ppm foliar spray,Enhanced photosynthesis and fruit coloring,MEDIUM,"Fruit crops, vegetables"
FOLIAR_APPLICATION,Nutrient uptake,Chitosan,Chitosan,Biostimulant,Elicitor,"400 mg L foliage was sprayed five times during the growth period at 15, 40, 85, 110, and 135 days after transplanting from December 20",Improved nutrient uptake and disease resistance,MEDIUM,All crops
FOLIAR_APPLICATION,Anti-senescence,6-BAP,6-Benzylaminopurine,Cytokinin,promotes cell division and bud activation.,"well-rooted plantswere sprayed twice with 100ppm (30 mL per plant)and the remainder with an equal volume of distilled water(dH2O) during the vegetative stage with a 1-week interval Afterward, plants were treated with MeJA 200 µM) or EBR(Sigma-Aldrich, USA) solutions (1, or 3µM) during the reproductive phase; at the stages of small green, biggreen, and completely red berries (48h before harvest)","Delayed senescence, maintained green color",HIGH,"Leafy vegetables, ornamentals"
ROOT_DEVELOPMENT,Root growth,Humic Acid,Humic substances,Biostimulant,Root stimulator,Apply 2-5% soil drench or foliar,Enhanced root development and nutrient uptake,MEDIUM,"All crops, especially at establishment"
ROOT_DEVELOPMENT,Mycorrhizal activity,Succinic Acid,Succinic acid,Organic Acid,Metabolic enhancer,Apply 100-500 ppm soil drench,Improved root metabolism and microbial activity,MEDIUM,"Perennial crops, trees"
FRUIT_MANAGEMENT,Fruit set,4-CPA,4-Chlorophenoxyacetic Acid,Auxin,Fruit set promoter,Apply 10-50 ppm spray during flowering,Improved fruit set and reduced drop,HIGH,"Tomatoes, beans, citrus"
FRUIT_MANAGEMENT,Post-harvest,1-MCP,1-Methylcyclopropene,Ethylene inhibitor,Anti-ripening agent,Apply as gas treatment 0.5-3 ppm,Extended shelf life,HIGH,Fruits and vegetables
STRESS_TOLERANCE,Drought stress,Glycine Betaine,Betaine,Osmoprotectant,Stress protector,Apply 100-1000 ppm foliar spray,Enhanced water use efficiency,HIGH,All crops in water stress
STRESS_TOLERANCE,Temperature stress,Brassinolide,24-Epibrassinolide,Brassinosteroid,Stress protector,Apply 0.1-1 ppm foliar spray,"Enhanced heat and cold tolerance; Level decreases during strawberry fruit development, suggesting a role in early stages; Auxin-induced fruit growth and delayed fruit ripening of strawberry",MEDIUM,All crops in extreme temperatures
STRESS_TOLERANCE,Oxidative stress,Tocopherol,Vitamin E,Vitamin,Antioxidant,Apply 50-200 ppm foliar spray,Protection against oxidative damage,MEDIUM,All crops under stress
GROWTH_REGULATION,Height control,Paclobutrazol,Paclobutrazol,Triazole,GA inhibitor,"Apply 0.25-2 g/L soil drench, 75-300mg/l sprayed 35 days after planting.",retardant delay flower development and reduce flower size and reduces vegetative growth. reducing runner development. enhance the photosynthetic capability of strawberry.,HIGH,"Cereals, ornamentals, fruit trees"
GROWTH_REGULATION,Sucker control,Maleic Hydrazide,Maleic hydrazide,Growth inhibitor,Sprouting inhibitor,Apply 2000-8000 ppm spray,Inhibition of unwanted growth,HIGH,"Tobacco, potatoes"
PHOTOSYNTHESIS_ENHANCEMENT,Chlorophyll synthesis,Magnesium,Mg-EDTA,Chelated nutrient,Chlorophyll component,Apply 0.5-2% foliar spray,Enhanced chlorophyll content,HIGH,All crops showing chlorosis
PHOTOSYNTHESIS_ENHANCEMENT,Light utilization,Strobilurins,Azoxystrobin,Fungicide/Biostimulant,Photosynthesis enhancer,Apply as per label for disease control,Improved photosynthetic efficiency,MEDIUM,All crops with fungicide program
PHOTOSYNTHESIS_ENHANCEMENT,Carbon fixation,Carbonic Anhydrase,Zn-containing enzyme,Enzyme,CO2 fixation,Apply Zn foliar 0.5-1%,Enhanced CO2 assimilation,MEDIUM,All crops
SOIL_APPLICATION,Soil conditioning,Humic Acid,Potassium Humate,Biostimulant,Soil conditioner,Apply 2-10 kg/ha soil incorporation,Improved soil structure and CEC,MEDIUM,"All crops, especially degraded soils"
SOIL_APPLICATION,Nutrient availability,Fulvic Acid,Fulvic acid,Biostimulant,Chelator,Apply 1-5 kg/ha with fertilizer,Enhanced nutrient availability and uptake,HIGH,All crops
SOIL_APPLICATION,Microbial activity,Chitosan,Chitosan oligomers,Biostimulant,Microbial enhancer,Apply 1-5 kg/ha soil incorporation,Enhanced beneficial microbial activity,MEDIUM,Organic farming systems
SOIL_APPLICATION,pH adjustment,Organic Acids,Citric acid blend,Organic Acid,pH modifier,Apply 2-10 kg/ha soil drench,Localized pH adjustment for nutrient uptake,MEDIUM,"Alkaline soils, iron deficient crops"
FOLIAR_APPLICATION,Defense signaling,Methyl Jasmonate,MeJA,Jasmonate,Defense activator,Apply 100-500 ppm foliar spray,"Enhanced herbivore and pathogen resistance; As well as reduce the occurrence of gray mold after harvest; Promotes the maturation and development of strawberry fruit during ripening; Increase stress tolerance, reduces chilling injury",HIGH,All crops prone to pest damage
FOLIAR_APPLICATION,Systemic resistance,Methyl Salicylate,MeSA,Phenolic,SAR inducer,Apply 100-300 ppm foliar spray,Systemic acquired resistance activation,MEDIUM,Disease-prone crops
ROOT_DEVELOPMENT,Branching inhibition,Strigolactone analog,rac-GR24,Strigolactone,Branching regulator,Apply 1-10 ppm soil drench,"Controlled shoot branching, enhanced root growth",MEDIUM,"Research applications, specialty crops"
SEED_TREATMENT,Smoke response,Karrikin-1,KAR1,Karrikin,Germination enhancer,Apply 1-10 ppm seed treatment,Enhanced germination in fire-adapted species,MEDIUM,"Native plants, restoration projects"
GROWTH_REGULATION,Cotton defoliation,Thidiazuron,TDZ,Phenylurea cytokinin,activated cytokinin signaling pathways and repressed auxin synthesis genes.,"foliar sprays at a concentration of 50 mg/L. Spraying was done three times at 10-day intervals, 40-days old crop after cutting from mother plnat","TDZ Was the Most Effective Cytokinin (from 6-benzyladenine (BA), kinetin (KT), zeatin (ZT)) TDZ significantly promoted axillary bud outgrowth and overall plant growth. It increased the number of runners and branch crowns, which are vital for vegetative propagation. high cytokinin and low auxin levels favor bud activation. 2. Physiological Trade-offs Despite promoting growth, TDZ reduced chlorophyll, soluble sugar, and starch content in leaves. This suggests a shift in resource allocation toward meristem activation rather than leaf maintenance.",HIGH,Cotton
GROWTH_REGULATION,Lodging prevention,Chlormequat Chloride,CCC,Quaternary ammonium,GA biosynthesis inhibitor,"250-500 ppm once in the second half of June, at the beginning of creeping stem emergence (early July), at a rate of one liter of the spray solution per 10 square meters enhanced anthesis and fruit ripening by about 10 days","3-week Cooling, and C2 concentration (500 ppm) were superior, respectively, to the traits of fruit weight, length of production period, and per-plant productivit",HIGH,"Wheat, barley, ornamentals"
GROWTH_REGULATION,Internode control,Trinexapac-ethyl,Trinexapac,Acylcyclohexanedione,GA biosynthesis inhibitor,Apply 100-400 ppm foliar spray,Controlled internode length,HIGH,"Turfgrass, cereals"
FOLIAR_APPLICATION,Metabolic enhancement,Riboflavin,Vitamin B2,Vitamin,Redox cofactor,Apply 50-200 ppm foliar spray,Enhanced disease resistance and growth,MEDIUM,All crops
FOLIAR_APPLICATION,Amino acid metabolism,Pyridoxine,Vitamin B6,Vitamin,Enzyme cofactor,Apply 25-100 ppm foliar spray,Improved stress tolerance,LOW,Specialty applications
FOLIAR_APPLICATION,Osmoprotection,Inositol,myo-Inositol,Vitamin-like,Signal precursor,Apply 100-500 ppm foliar spray,Enhanced osmotic stress tolerance,MEDIUM,Crops under water stress
FOLIAR_APPLICATION,Nitrogen metabolism,Glutamic Acid,L-Glutamate,Amino Acid,N metabolism enhancer,Apply 200-1000 ppm foliar spray,Enhanced nitrogen utilization,MEDIUM,"All crops, especially during N stress"
FOLIAR_APPLICATION,Protein synthesis,Glycine,Glycine,Amino Acid,Protein building block,Apply 100-500 ppm foliar spray,Enhanced protein synthesis and growth,MEDIUM,All crops during vegetative growth
ROOT_DEVELOPMENT,Auxin precursor,Tryptophan,L-Tryptophan,Amino Acid,IAA precursor,Apply 100-500 ppm as root drench,Natural auxin production enhancement,MEDIUM,"Rooting applications, transplants"
FOLIAR_APPLICATION,TCA cycle enhancement,Malic Acid,L-Malic acid,Organic Acid,Metabolic intermediate,Apply 200-1000 ppm foliar spray,Enhanced respiratory metabolism,MEDIUM,All crops during fruit development
FOLIAR_APPLICATION,Antioxidant enzyme activation,Citric Acid,Citric acid,Organic Acid,Metal chelator,Apply 500-2000 ppm foliar spray,"Enhanced antioxidant activity, micronutrient uptake",MEDIUM,Crops with micronutrient deficiency
SOIL_APPLICATION,Nutrient chelation,Polyaspartic Acid,PASP,Synthetic polymer,Biodegradable chelator,Apply 1-5 kg/ha with fertilizer,Enhanced fertilizer efficiency,HIGH,"All crops, sustainable agriculture"
FOLIAR_APPLICATION,Penetration enhancement,DMSO,Dimethyl sulfoxide,Solvent,Penetration enhancer,Use at 0.1-1% in spray solutions,Enhanced uptake of other compounds,HIGH,As adjuvant with other treatments
SOIL_APPLICATION,Sprouting inhibition,Maleic Hydrazide,MH,Diazine,Growth inhibitor,Apply 2-8 kg/ha post-harvest,Long-term sprouting suppression,HIGH,"Potatoes, onions in storage"
FRUIT_MANAGEMENT,Dormancy breaking,Cyanamide,Hydrogen cyanamide,Nitrile,Dormancy breaker,Apply 2-5% spray during dormant season,Uniform bud break and flowering,HIGH,Deciduous fruit trees in warm climates
FOLIAR_APPLICATION,Greening effect,Pyraclostrobin,Pyraclostrobin,Strobilurin fungicide,Respiration inhibitor + ethylene suppression,Apply 100-200 g/ha as per label,Disease control + delayed senescence,HIGH,All crops with fungicide programs
FOLIAR_APPLICATION,Growth retardation + disease control,Tebuconazole,Tebuconazole,Triazole fungicide,Sterol biosynthesis inhibitor,Apply as per fungicide label,Disease control + plant growth regulation,HIGH,"Cereals, fruit trees"
SEED_TREATMENT,Growth stimulation at low dose,Thiamethoxam,Thiamethoxam,Neonicotinoid,nAChR agonist,Apply at very low sub-insecticidal rates,Mild growth stimulation (controversial),LOW,Research only - regulatory restrictions
FOLIAR_APPLICATION,Cytokinin-like activity,Ascophyllum extract,Seaweed extract,Marine biostimulant,Multiple bioactive compounds,Apply 2-5 L/ha foliar spray,Enhanced growth and stress tolerance,MEDIUM,"All crops, organic systems"
SOIL_APPLICATION,Root development + nutrient chelation,Leonardite extract,Humic substances,Natural biostimulant,Humic/fulvic acids,Apply 5-20 kg/ha soil incorporation,Enhanced root growth and nutrient uptake,HIGH,"All crops, especially poor soils"
FOLIAR_APPLICATION,Meristem maintenance,CLE peptides,CLAVATA3/ESR peptides,Peptide hormone,Cell-cell signaling,Apply 1-10 ppm foliar (research stage),Controlled meristem activity,LOW,Research applications only
FOLIAR_APPLICATION,Wound response,Systemin,18-amino acid peptide,Peptide hormone,Defense signaling,Apply 0.1-1 ppm foliar (research),Enhanced defense against herbivores,LOW,Solanaceae family (research)
SEED_TREATMENT,Multi-target signaling,Nitric Oxide donor,SNP/GSNO,Gasotransmitter,Multi-pathway signaling,Apply 10-100 ppm seed priming,Enhanced stress tolerance and growth,MEDIUM,"Research applications, stressed conditions"
FOLIAR_APPLICATION,Antioxidant signaling,Hydrogen Sulfide donor,NaHS,Gasotransmitter,Antioxidant pathway activation,Apply 10-100 ppm foliar spray,Enhanced antioxidant capacity,MEDIUM,Research applications
FOLIAR_APPLICATION,Defense priming,Green Leaf Volatiles,Z-3-hexenol/hexenal,Volatile compounds,Airborne signaling,Apply 10-50 ppm foliar spray,Primed defense responses,MEDIUM,Integrated pest management
FOLIAR_APPLICATION,Circadian regulation,Melatonin,N-acetyl-5-methoxytryptamine,Indolamine,Circadian rhythm regulator,Apply 10-100 ppm foliar spray,"Enhanced stress tolerance, antioxidant activity",MEDIUM,Crops under stress conditions
SEED_TREATMENT,Dormancy breaking,GA1,Gibberellin A1,Gibberellin,Growth hormone,Apply 50-200 ppm for seed treatment 12-24 hours,Enhanced germination of dormant seeds,HIGH,"Seeds with deep dormancy, cereals"
FOLIAR_APPLICATION,Stem elongation,GA4,Gibberellin A4,Gibberellin,Growth promoter,20ppm,"Increased internode length, plant height",HIGH,"Dwarf varieties, ornamentals"
FOLIAR_APPLICATION,Flowering induction,GA7,Gibberellin A7,Gibberellin,Flowering promoter,20ppm,"Accelerated flowering, uniform bloom",MEDIUM,"Ornamental plants, controlled flowering"
FOLIAR_APPLICATION,Fruit development,GA20,Gibberellin A20,Gibberellin,Fruit size enhancer,Apply 25-100 ppm during fruit set,Increased fruit size and quality,MEDIUM,"Fruit crops, grape clusters"
FRUIT_MANAGEMENT,Fruit thinning,NAD,Naphthyl Acetamide,Auxin,Selective thinning agent,Apply 15-30 ppm spray post fruit set,"Selective fruit drop, improved fruit quality",HIGH,"Stone fruits, citrus"
GROWTH_REGULATION,Apical dominance control,3-CPA,3-Chlorophenoxyacetic acid,Auxin,Branching promoter,Apply 25-75 ppm foliar spray,"Reduced apical dominance, increased branching",MEDIUM,"Ornamentals, vegetable crops"
FRUIT_MANAGEMENT,Fruit set enhancement,BNOA,2-Naphthoxyacetic acid,Auxin,Fruit set promoter,Apply 20-50 ppm spray during flowering,"Enhanced fruit set, reduced fruit drop",HIGH,"Citrus, tomatoes, peppers"
ROOT_DEVELOPMENT,Auxin transport inhibition,TIBA,"2,3,5-Triiodobenzoic acid",Auxin transport inhibitor,Gravitropic response modifier,Apply 10-50 ppm as research tool,Modified root/shoot development responses,LOW,"Research applications, plant studies"
ROOT_DEVELOPMENT,Polar auxin transport blocking,NPA,N-Phenylphthalamic acid,Auxin transport inhibitor,Development research tool,Apply 1-10 ppm research treatment,"Blocked auxin transport, modified development",LOW,Research applications only
FOLIAR_APPLICATION,Senescence delay,Kinetin,6-Furfurylaminopurine,Cytokinin,Anti-aging hormone,Apply 10-50 ppm foliar spray,"Delayed leaf senescence, maintained green color",HIGH,"Leafy vegetables, cut flowers"
FOLIAR_APPLICATION,Shoot development,Zeatin,Trans-zeatin,Cytokinin,Natural cytokinin,Apply 5-25 ppm foliar spray,"Trans-zeatin concentrations peaked in flower buds and at anthesis (flower opening), then declined as the fruit matured. crucial during early flower and receptacle formation",HIGH,"Tissue culture, propagation"
FOLIAR_APPLICATION,Cell division enhancement,Zeatin riboside,Zeatin riboside,Cytokinin,Mobile cytokinin form,Apply 10-30 ppm foliar spray,Enhanced cell division and shoot growth,MEDIUM,"Young plants, tissue culture"
FOLIAR_APPLICATION,Tissue differentiation,Dihydrozeatin,Dihydrozeatin,Cytokinin,Differentiation promoter,Apply 5-20 ppm foliar spray,Enhanced tissue differentiation and development,MEDIUM,"Tissue culture, micropropagation"
FOLIAR_APPLICATION,Weak cytokinin activity,2iP,N6-Isopentenyladenine,Cytokinin,Mild growth promoter,Apply 25-75 ppm foliar spray,"Mild cytokinin effects, stress tolerance",MEDIUM,"Specialty applications, research"
FOLIAR_APPLICATION,Metabolic enhancement,Riboprine,"6-(3,3-Dimethylallylaminopurine) riboside",Cytokinin analog,Metabolic activator,Apply 10-40 ppm foliar spray,Enhanced metabolism and growth,LOW,"Research applications, specialty crops"
FOLIAR_APPLICATION,Vascular differentiation,Castasterone,Castasterone,Brassinosteroid,Vascular development enhancer,Apply 0.1-1 ppm foliar spray,Enhanced vascular development and strength,MEDIUM,"Young plants, tree seedlings"
FOLIAR_APPLICATION,Cell wall strengthening,Typhasterol,Typhasterol,Brassinosteroid,Cell wall enhancer,Apply 0.1-0.5 ppm foliar spray,"Strengthened cell walls, improved structure",MEDIUM,"All crops, stress conditions"
FOLIAR_APPLICATION,Enhanced stress tolerance,"22,23,24-Trisepibrassinolide","22,23,24-Trisepibrassinolide",Brassinosteroid,Multi-stress protector,Apply 0.05-0.5 ppm foliar spray,Enhanced tolerance to multiple stresses,MEDIUM,Crops under various stress conditions
GROWTH_REGULATION,Morphogenesis control,14-Hydroxylated brassinosteroid,14-Hydroxylated brassinosteroid,Brassinosteroid,Development regulator,Apply 0.1-0.5 ppm foliar spray,Controlled plant morphogenesis,LOW,"Research applications, specialty uses"
FOLIAR_APPLICATION,Protein storage enhancement,JA-Ile,Jasmonic acid-isoleucine,Jasmonate,Storage protein inducer,Apply 25-100 ppm foliar spray,"Enhanced protein accumulation, seed quality",MEDIUM,"Legumes, protein crops"
FOLIAR_APPLICATION,Defense response,PDJ,Propyl dihydrojasmonate,Synthetic jasmonate,Defense activator,Apply 50-200 ppm foliar spray,"Enhanced defense responses, stress tolerance",HIGH,Crops under pest/pathogen pressure
FOLIAR_APPLICATION,Natural jasmonate,Jasmonic acid,Jasmonic acid,Jasmonate,Wound response hormone,Apply 100-500 ppm foliar spray,"Activated defense responses, wound healing",MEDIUM,"All crops, integrated pest management"
ROOT_DEVELOPMENT,Natural strigolactone,Strigol,Strigol,Strigolactone,Root development signal,Apply 0.1-1 ppm soil drench,"Enhanced root development, reduced branching",MEDIUM,"Research applications, specialty crops"
ROOT_DEVELOPMENT,Branching inhibitor,Orobanchol,Orobanchol,Strigolactone,Shoot branching suppressor,Apply 0.1-1 ppm soil application,"Reduced lateral branching, enhanced main stem",MEDIUM,"Research applications, plant architecture"
ROOT_DEVELOPMENT,Root architecture modifier,5-Deoxystrigol,5-Deoxystrigol,Strigolactone,Root development enhancer,Apply 0.1-1 ppm soil drench,"Modified root architecture, enhanced uptake",LOW,"Research applications, root studies"
ROOT_DEVELOPMENT,Specialized strigolactone,Solanacol,Solanacol,Strigolactone,Species-specific signal,Apply 0.1-1 ppm soil treatment,Species-specific developmental responses,LOW,"Research applications, Solanaceae"
SEED_TREATMENT,Smoke response,KAR2,Karrikin-2,Karrikin,Smoke-induced germination,Apply 1-10 ppm seed treatment,Enhanced germination response to smoke signals,MEDIUM,"Fire-adapted species, native plants"
SEED_TREATMENT,Fire adaptation,KAR3,Karrikin-3,Karrikin,Fire-responsive germination,Apply 1-10 ppm seed soaking,Improved germination in fire-adapted species,MEDIUM,"Native plants, restoration ecology"
FRUIT_MANAGEMENT,Natural stress hormone,S-ABA,S-Abscisic acid,ABA,Natural stress regulator,Apply 100-500 ppm foliar spray,"Enhanced stress tolerance, controlled ripening",HIGH,"Grapes, stress management"
FRUIT_MANAGEMENT,Natural ripening hormone,Ethylene,Ethylene gas,Ethylene,Ripening promoter,Apply 100-1000 ppm gas treatment,"Natural fruit ripening, flower senescence",HIGH,"Fruit crops, controlled ripening"
FOLIAR_APPLICATION,Stress tolerance,Putrescine,Putrescine,Polyamine,,Apply 50-200 ppm foliar spray,"Improved stress resilience, fruit firmness",MEDIUM,All crops
FOLIAR_APPLICATION,Cell division,Spermidine,Spermidine,Polyamine,,Apply 50-200 ppm foliar spray,Enhanced cell proliferation,MEDIUM,All crops
FOLIAR_APPLICATION,Membrane stabilization,Spermine,Spermine,Polyamine,,Apply 50-200 ppm foliar spray,Improved cell integrity,LOW,Research use
SEED_TREATMENT,Stress signaling,Carbon monoxide,Carbon Monoxide,Gasotransmitter,,Apply 10-100 ppm seed priming,Enhanced stress signaling,LOW,Research use
FOLIAR_APPLICATION,Defense signaling,HypSys peptides,HypSys peptides,Peptide,,Apply 1-10 ppm foliar spray,Induced defense genes,LOW,Solanaceae research
FOLIAR_APPLICATION,Root-shoot communication,CLE25,CLE25,Peptide,,Apply 1-10 ppm foliar spray,Improved water use regulation,LOW,Research use
FOLIAR_APPLICATION,Meristem maintenance,CLV3,CLV3,Peptide,,Apply 1-10 ppm foliar spray,Enhanced meristem activity,LOW,Tissue culture
FOLIAR_APPLICATION,Developmental signaling,CLE40,CLE40,Peptide,,Apply 1-10 ppm foliar spray,Controlled organogenesis,LOW,Research use
FOLIAR_APPLICATION,Vascular development,CLE41-44,CLE41-44,Peptide,,Apply 1-10 ppm foliar spray,Improved vascular differentiation,LOW,Research use
FOLIAR_APPLICATION,Vascular signaling,TDIF CLE4144,TDIF CLE4144,Peptide,,Apply 1-10 ppm foliar spray,Enhanced xylem development,LOW,Research use
FOLIAR_APPLICATION,Florigen signaling,Hd3a,Hd3a (rice),Peptide,,Apply 1-10 ppm foliar spray,Induced flowering,LOW,Rice research
FOLIAR_APPLICATION,Florigen signaling,ZCN8,ZCN8 (maize),Peptide,,Apply 1-10 ppm foliar spray,Induced flowering,LOW,Maize research
FOLIAR_APPLICATION,Defense priming,Cis-jasmone,Cis-jasmone,VOC,,Apply 100-500 ppm foliar spray,Enhanced volatile defense,MEDIUM,All crops
FOLIAR_APPLICATION,Indirect defense,Trans-jasmone,Trans-jasmone,VOC,,Apply 100-500 ppm foliar spray,Attracts natural enemies,MEDIUM,IPM systems
FOLIAR_APPLICATION,Defense priming,Z-3-hexenol,Z-3-hexenol,VOC,,Apply 10-50 ppm foliar spray,Primed defense responses,MEDIUM,All crops
FOLIAR_APPLICATION,Defense priming,Z-3-hexenal,Z-3-hexenal,VOC,,Apply 10-50 ppm foliar spray,Primed defense responses,MEDIUM,All crops
FOLIAR_APPLICATION,Thermotolerance,Isoprene,Isoprene,VOC,,Apply 10-50 ppm foliar spray,Improved heat tolerance,LOW,Research use
FOLIAR_APPLICATION,Stress signaling,Monoterpenes,Monoterpenes,VOC,,Apply 10-50 ppm foliar spray,Activated stress pathways,LOW,Research use
FOLIAR_APPLICATION,Systemic regulation,Mobile miRNAs,Mobile miRNAs,RNA,,Apply via root drench,Gene silencing across tissues,LOW,Research use
FOLIAR_APPLICATION,Flowering signal,Florigen FT protein,Florigen FT protein,Peptide,,Apply 1-10 ppm foliar spray,Induced reproductive transition,LOW,Grafting studies
FOLIAR_APPLICATION,Root-shoot signaling,CLE RALF CEP PSK peptides,CLE/RALF/CEP/PSK peptides,Peptide,,Apply 1-10 ppm foliar spray,Modulated growth responses,LOW,Experimental
FOLIAR_APPLICATION,SAR priming,Pipecolic acid,Pipecolic acid,SAR Signal,,Apply 50-200 ppm foliar spray,Enhanced systemic resistance,MEDIUM,All crops
FOLIAR_APPLICATION,Potent SAR activator,NHP,N-hydroxy-pipecolic acid,SAR Signal,,Apply 10-100 ppm foliar spray,Strong SAR induction,HIGH,Research use
FOLIAR_APPLICATION,Defense priming,Azelaic acid,Azelaic acid,SAR Signal,,Apply 100-300 ppm foliar spray,Enhanced defense responses,MEDIUM,All crops
FOLIAR_APPLICATION,Immunity priming,BABA,²-aminobutyric acid,SAR Signal,,Apply 50-200 ppm foliar spray,Primed immunity,MEDIUM,All crops
FOLIAR_APPLICATION,Cell wall fortification & stress mitigation,Silicon,Silicon (Si),Beneficial element,,Apply 1-2 g/L foliar spray,"Enhanced drought tolerance, lodging resistance, pathogen defense",HIGH,"Cereals, vegetables"
FOLIAR_APPLICATION,Pathogen inhibition & SAR induction,Phosphite,Phosphorous acid,Phosphonate fungicide/biostimulant,,Apply 0.5-1 kg/ha foliar spray,Disease control and immune priming,HIGH,"Orchards, vegetables"
SOIL_APPLICATION,Soil drench for SAR,Phosphite,Phosphorous acid,Phosphonate fungicide/biostimulant,,Apply 2-4 kg/ha soil drench,"Systemic resistance induction, improved growth",MEDIUM,"Vegetables, orchard crops"
FOLIAR_APPLICATION,Defense elicitor & growth promoter,Laminarin oligomers,Laminarin oligosaccharides,Marine biostimulant,,Apply 0.-2 L/ha foliar spray,Enhanced defense responses and growth,MEDIUM,All crops
FOLIAR_APPLICATION,Defense signaling & root growth,Ulvan oligomers,Ulvan oligosaccharides,Marine biostimulant,,Apply 0.5-2 L/ha foliar spray,Improved root and shoot biomass,MEDIUM,All crops
FOLIAR_APPLICATION,Antioxidant & circadian regulation,Serotonin,Serotonin (5-HT),Indolamine derivative,,Apply 10-50 ppm foliar spray,Improved stress tolerance and antioxidant capacity,MEDIUM,All crops
SEED_TREATMENT,Seed priming,Serotonin,Serotonin (5-HT),Indolamine derivative,,Apply 10-50 ppm seed soak,Enhanced germination and stress resilience,MEDIUM,All crops
SEED_TREATMENT,Growth stimulator at low dose,Imidacloprid,Imidacloprid,Neonicotinoid,,Apply 5-20 ppm seed treatment,Mild growth stimulation,LOW,
SEED_TREATMENT,Stress tolerance enhancer,Clothianidin,Clothianidin,Neonicotinoid,,Apply 5-20 ppm seed treatment,Enhanced stress tolerance,LOW,
SEED_TREATMENT,Root growth promotion,Acetamiprid,Acetamiprid,Neonicotinoid,,Apply 5-20 ppm seed treatment,Promoted root development,LOW,
SEED_TREATMENT,Growth regulator,Thiacloprid,Thiacloprid,Neonicotinoid,,Apply 5-20 ppm seed treatment,Modulated growth patterns,LOW,
SEED_TREATMENT,Stress gene regulation,Dinotefuran,Dinotefuran,Neonicotinoid,,Apply 5-20 ppm seed treatment,Enhanced defense gene activation,LOW,
FOLIAR_APPLICATION,Pathogen control + PGR,Trifloxystrobin,Trifloxystrobin,Strobilurin fungicide,,Apply 75-125 g/ha foliar spray,Disease control and delayed senescence,HIGH,All crops
FOLIAR_APPLICATION,Photosynthesis enhancer,Kresoxim-methyl,Kresoxim-methyl,Strobilurin fungicide,,Apply 75-150 g/ha foliar spray,Improved yield and greening effect,MEDIUM,All crops
FOLIAR_APPLICATION,Stress tolerance,Picoxystrobin,Picoxystrobin,Strobilurin fungicide,,Apply 75-125 g/ha foliar spray,Enhanced stress tolerance,MEDIUM,All crops
FOLIAR_APPLICATION,Growth regulator,Propiconazole,Propiconazole,Triazole fungicide,,Apply 150-300 g/ha foliar spray,Disease control + reduced internode elongation,HIGH,"Cereals, fruit trees"
FOLIAR_APPLICATION,Growth regulator,Hexaconazole,Hexaconazole,Triazole fungicide,,Apply 100-200 g/ha foliar spray,Disease control + lodging prevention,MEDIUM,"Rice, cereals"
FOLIAR_APPLICATION,GA biosynthesis inhibition,Triadimefon,Triadimefon,Triazole fungicide,,Apply 150-300 g/ha foliar spray,Reduced plant height + disease control,MEDIUM,"Turf, cereals"
FOLIAR_APPLICATION,Growth regulation,Myclobutanil,Myclobutanil,Triazole fungicide,,Apply 100-250 g/ha foliar spray,Disease control + stress tolerance,MEDIUM,"Fruit trees, ornamentals"
FOLIAR_APPLICATION,Tubulin inhibitor,Carbendazim,Carbendazim,Benzimidazole fungicide,,Apply 200-400 g/ha foliar spray,Fungal control + growth regulation,HIGH,All crops
FOLIAR_APPLICATION,Mitotic inhibitor,Benomyl,Benomyl,Benzimidazole fungicide,,Apply 200-300 g/ha foliar spray,Disease control + yield improvement,MEDIUM,"Ornamentals, vegetables"
FOLIAR_APPLICATION,Postharvest control,Thiabendazole,Thiabendazole,Benzimidazole fungicide,,Apply 500-1000 ppm dip,Postharvest disease suppression,HIGH,Fruit crops
FOLIAR_APPLICATION,Systemic activity,Thiophanate-methyl,Thiophanate-methyl,Benzimidazole fungicide,,Apply 250-500 g/ha foliar spray,Broad-spectrum disease control,HIGH,All crops
FOLIAR_APPLICATION,Spore germination inhibition,Fuberidazole,Fuberidazole,Benzimidazole fungicide,,Apply 200-400 g/ha foliar spray,Enhanced disease resistance,LOW,Research use
FOLIAR_APPLICATION,Multi-site action,Fludioxonil,Fludioxonil,Phenylpyrrole fungicide,,Apply 100-200 g/ha foliar spray,Disease control + stress tolerance,MEDIUM,"Seeds, turf"
FOLIAR_APPLICATION,Methionine biosynthesis inhibitor,Cyprodinil,Cyprodinil,Anilinopyrimidine fungicide,,Apply 200-300 g/ha foliar spray,Disease control + PGR effect,MEDIUM,Fruit trees
FOLIAR_APPLICATION,Methionine inhibitor,Pyrimethanil,Pyrimethanil,Anilinopyrimidine fungicide,,Apply 150-250 g/ha foliar spray,Disease control + improved fruit quality,MEDIUM,Fruit crops
FOLIAR_APPLICATION,Surface protectant,Chlorothalonil,Chlorothalonil,Multi-site fungicide,,Apply 1-2 kg/ha foliar spray,Disease control + minor PGR effect,LOW,All crops
FOLIAR_APPLICATION,Broad-spectrum protection,Copper fungicides,Copper-based fungicides,Multi-site fungicide,,Apply 1-3 kg/ha foliar spray,Disease control + minimal PGR,LOW,Organic systems
SEED_TREATMENT,,Sodium ortho-nitrophenolate,Sodium ortho-nitrophenolate,Nitrophenolate,Auxin-like biostimulant,Apply 50-200 ppm seed soak,Stimulated root growth and stress tolerance,MEDIUM,All crop seeds
SEED_TREATMENT,,Sodium para-nitrophenolate,Sodium para-nitrophenolate,Nitrophenolate,Auxin-like biostimulant,Apply 50-200 ppm seed soak,Enhanced callus formation,MEDIUM,Tissue culture
SEED_TREATMENT,,Sodium 2-nitrophenolate,Sodium 2-nitrophenolate,Nitrophenolate,Growth stimulant,Apply 50-200 ppm seed soak,Improved seedling vigor,MEDIUM,All crops
SEED_TREATMENT,,Sodium 4-nitrophenolate,Sodium 4-nitrophenolate,Nitrophenolate,Stress resistance enhancer,Apply 50-200 ppm seed treatment,Enhanced drought tolerance,MEDIUM,Stress-prone crops
FOLIAR_APPLICATION,,"2,4,5-T","2,4,5-Trichlorophenoxyacetic acid",Synthetic auxin,Growth regulator,Apply 10-50 ppm foliar spray,Enhanced vegetative growth,LOW,Research use
FOLIAR_APPLICATION,,Dicamba,Dicamba,Synthetic auxin,Growth regulator,Apply 5-20 ppm foliar spray,Modified branching patterns,LOW,Research applications
FOLIAR_APPLICATION,,Picloram,Picloram,Synthetic auxin,Growth regulator,Apply 5-20 ppm foliar spray,Stimulated root initiation,LOW,Research use
FOLIAR_APPLICATION,,Triclopyr,Triclopyr,Synthetic auxin,Growth regulator,Apply 5-20 ppm foliar spray,Enhanced cell elongation,LOW,Research use
FOLIAR_APPLICATION,,MCPA,MCPA,Synthetic auxin,Weed control at high dose,Apply per label for weed management,Selective broadleaf control,HIGH,Weed management
FOLIAR_APPLICATION,,MCPB,MCPB,Synthetic auxin,Growth regulator,Apply per label for crop regulation,Fruit thinning effect,MEDIUM,Fruit crops
FRUIT_MANAGEMENT,Fruit retention,"2,4-D","2,4-Dichlorophenoxyacetic acid",Synthetic auxin,Auxin herbicide,Apply 10-30 ppm,"Reduced pre-harvest fruit drop, increased fruit retention and yield — Synthetic auxin — 10 ppm has given the best pre harvest fruit drop control in 'Hamlin' orange. and maximum number of fruit per tree, fruit retention per cent and yield per plant and per hectare was recorded with the spray of 30 ppm",MEDIUM,"Citrus, fruit crops"
FOLIAR_APPLICATION,,Meta-topolin,Meta-topolin,Synthetic cytokinin,Cell division promotion,Apply 10-50 ppm foliar spray,Enhanced shoot proliferation,MEDIUM,Tissue culture
FOLIAR_APPLICATION,,DCPTA,DCPTA,Synthetic tertiary amine,Photosynthesis enhancer,Apply 10-100 ppm foliar spray,Improved chlorophyll synthesis,MEDIUM,All crops
GROWTH_REGULATION,,Uniconazole,Uniconazole,GA inhibitor,Dwarfing agent,Apply 5-20 ppm foliar spray,"Reduced plant height, improved stress tolerance",HIGH,"Horticulture, turf"
GROWTH_REGULATION,,P-Ca ProCa,Prohexadione-calcium,GA inhibitor,Vegetative growth control,applied 5 weeks after planting at 125mg/L — Single early application at 62.5 and 150 mg·L⁻¹ Followed by a repeat dose 25 days later — 200 mg/L foliar spray,"Since GA promotes runner formation (vegetative growth), inhibiting it shifts the strawberry's energy toward crown branching and flowering",MEDIUM,"Fruit trees, cereals"
GROWTH_REGULATION,,B9,Daminozide,Growth inhibitor,Fruit size regulation,Apply 200-500 ppm foliar spray,"Controlled fruit growth, delayed senescence",LOW,"Ornamentals, apples"
GROWTH_REGULATION,,PIX,Mepiquat chloride,GA inhibitor,Vegetative growth restriction,Apply 30-120 ppm foliar spray,"Reduced shoot growth, stronger stems",HIGH,Cotton
GROWTH_REGULATION,,Cyclanilide,Cyclanilide,Defoliant/regulator,Abscission induction,Apply 100-300 ppm foliar spray,"Induced leaf drop, harvest aid",MEDIUM,Cotton
GROWTH_REGULATION,,Flurprimidol,Flurprimidol,GA inhibitor,Lodging prevention,Apply 5-15 ppm foliar spray,"Reduced lodging, improved standability",MEDIUM,"Cereals, ornamentals"
GROWTH_REGULATION,,Ethychlozate,Ethylchlozate (Figaron),Ethylene releaser,Ripening induction,Apply 100-300 ppm foliar spray,Uniform ripening and abscission,MEDIUM,Fruit crops
GROWTH_REGULATION,,Aviglycine,Aviglycine,Ethylene inhibitor,Flower preservation,Apply 50-200 ppm foliar spray,Delayed flower senescence,LOW,Cut flowers
GROWTH_REGULATION,,STS,Silver thiosulfate,Ethylene inhibitor,Ethylene action blocking,Apply 50-100 ppm foliar spray,Extended vase life and flower preservation,HIGH,Cut flowers
FOLIAR_APPLICATION,,Lactic acid,Lactic acid,Organic Acid,Metabolic intermediate,Apply 200-1000 ppm foliar spray,Enhanced respiratory metabolism,MEDIUM,All crops during fruit development
FOLIAR_APPLICATION,,Fumaric acid,Fumaric acid,Organic Acid,TCA cycle enhancer,Apply 100-500 ppm foliar spray,Improved energy metabolism,LOW,Research use
FOLIAR_APPLICATION,,Oxalic acid,Oxalic acid,Organic Acid,Carbon source for microorganisms,Apply 100-500 ppm foliar spray,Enhanced microbial activity on phylloplane,LOW,Experimental
SOIL_APPLICATION,,Arachidonic acid,Arachidonic acid,Organic Acid,Defense elicitor,Apply 50-200 ppm soil drench,Induced defense priming,LOW,Priming agents
FOLIAR_APPLICATION,,Caffeic acid,Caffeic acid,Phenolic,Cell wall strengthening,Apply 100-500 ppm foliar spray,Improved disease resistance,MEDIUM,All crops
FOLIAR_APPLICATION,,Ferulic acid,Ferulic acid,Phenolic,Antioxidant activity,Apply 100-500 ppm foliar spray,Enhanced stress tolerance,MEDIUM,All crops
FOLIAR_APPLICATION,,p-Coumaric acid,p-Coumaric acid,Phenolic,Phenylpropanoid pathway,Apply 100-500 ppm foliar spray,Improved lignin synthesis,LOW,All crops
FOLIAR_APPLICATION,,Sinapic acid,Sinapic acid,Phenolic,Antioxidant enzyme activation,Apply 100-500 ppm foliar spray,Enhanced antioxidant enzyme levels,LOW,Research use
FOLIAR_APPLICATION,,Chlorogenic acid,Chlorogenic acid,Phenolic,Antioxidant and defense,Apply 100-500 ppm foliar spray,Enhanced pathogen resistance,MEDIUM,All crops
FOLIAR_APPLICATION,,Rosmarinic acid,Rosmarinic acid,Phenolic,Antimicrobial activity,Apply 50-200 ppm foliar spray,Reduced foliar pathogen infection,LOW,All crops
FOLIAR_APPLICATION,,Vanillic acid,Vanillic acid,Phenolic,Stress signaling,Apply 50-200 ppm foliar spray,Primed stress responses,LOW,Experimental
FOLIAR_APPLICATION,,Gallic acid,Gallic acid,Phenolic,Antioxidant,Apply 50-200 ppm foliar spray,Enhanced ROS scavenging,MEDIUM,All crops under stress
FOLIAR_APPLICATION,,Protocatechuic acid,Protocatechuic acid,Phenolic,Antioxidant,Apply 50-200 ppm foliar spray,Improved oxidative stress tolerance,LOW,Research use
FOLIAR_APPLICATION,,Syringic acid,Syringic acid,Phenolic,Antimicrobial,Apply 50-200 ppm foliar spray,Enhanced disease suppression,LOW,All crops
FOLIAR_APPLICATION,,Alanine,Alanine,Amino Acid,Metabolic precursor,Apply 100-500 ppm foliar spray,Enhanced carbon and nitrogen metabolism,MEDIUM,All crops
FOLIAR_APPLICATION,,Arginine,Arginine,Amino Acid,Polyamine precursor,Apply 100-500 ppm foliar spray,Improved stress tolerance via polyamines,MEDIUM,Stress-prone crops
FOLIAR_APPLICATION,,Asparagine,Asparagine,Amino Acid,Nitrogen transport,Apply 100-500 ppm foliar spray,Enhanced N transport and storage,MEDIUM,"Legumes, cereals"
FOLIAR_APPLICATION,,Glutamine,Glutamine,Amino Acid,Nitrogen metabolism,Apply 100-500 ppm foliar spray,Improved N assimilation,MEDIUM,All crops
FOLIAR_APPLICATION,,Histidine,Histidine,Amino Acid,Chelation,Apply 100-500 ppm foliar spray,Improved micronutrient uptake,LOW,All crops
FOLIAR_APPLICATION,,Isoleucine,Isoleucine,Amino Acid,Protein synthesis,Apply 100-500 ppm foliar spray,Enhanced vegetative growth,LOW,Vegetables
FOLIAR_APPLICATION,,Leucine,Leucine,Amino Acid,Protein synthesis,Apply 100-500 ppm foliar spray,Improved growth and quality,LOW,All crops
FOLIAR_APPLICATION,,Lysine,Lysine,Amino Acid,Secondary metabolism precursor,Apply 100-500 ppm foliar spray,Enhanced secondary metabolite production,LOW,Medicinal crops
FOLIAR_APPLICATION,,Methionine,Methionine,Amino Acid,Ethylene precursor,Apply 100-500 ppm foliar spray,Enhanced stress regulation,MEDIUM,Fruit crops
FOLIAR_APPLICATION,,Phenylalanine,Phenylalanine,Amino Acid,Phenylpropanoid pathway,Apply 100-500 ppm foliar spray,Improved defense and lignin formation,MEDIUM,All crops
FOLIAR_APPLICATION,,Serine,Serine,Amino Acid,Metabolism & stress response,Apply 100-500 ppm foliar spray,Enhanced stress resilience,LOW,Research use
FOLIAR_APPLICATION,,Threonine,Threonine,Amino Acid,Protein synthesis,Apply 100-500 ppm foliar spray,Improved growth,LOW,All crops
FOLIAR_APPLICATION,,Tyrosine,Tyrosine,Amino Acid,Secondary metabolism precursor,Apply 100-500 ppm foliar spray,Enhanced antioxidant production,LOW,All crops
FOLIAR_APPLICATION,,Valine,Valine,Amino Acid,Protein synthesis,Apply 100-500 ppm foliar spray,Enhanced vegetative growth,LOW,All crops
FOLIAR_APPLICATION,,L-carnitine,L-carnitine,Related,Energy metabolism,Apply 100-500 ppm foliar spray,Enhanced energy use efficiency,LOW,Research use
FOLIAR_APPLICATION,,Citrulline,Citrulline,Related,Osmoprotection,Apply 100-500 ppm foliar spray,Improved osmotic stress tolerance,LOW,All crops
FOLIAR_APPLICATION,,Niacin,Niacin (B3),Vitamin,Metabolic activator,Apply 50-200 ppm foliar spray,Enhanced metabolic activity and stress resilience,MEDIUM,All crops
FOLIAR_APPLICATION,,Pantothenic acid,Pantothenic Acid (B5),Vitamin,CoA precursor,Apply 50-150 ppm foliar spray,Improved fatty acid metabolism and growth,LOW,Experimental use
FOLIAR_APPLICATION,,Biotin,Biotin (B7),Vitamin,Carboxylation cofactor,Apply 25-100 ppm foliar spray,Enhanced enzyme function and growth,LOW,Research applications
FOLIAR_APPLICATION,,Folic acid,Folic Acid (B9),Vitamin,Nucleic acid metabolism,Apply 25-100 ppm foliar spray,Improved cell division and development,MEDIUM,Vegetable and high-value crops
FOLIAR_APPLICATION,,Cyanocobalamin,Cyanocobalamin (B12),Vitamin,Metabolism cofactor,Apply 10-50 ppm foliar spray,Enhanced energy metabolism,LOW,Specialty applications
FOLIAR_APPLICATION,,Retinol,Retinol (A),Vitamin,Antioxidant regulator,Apply 10-50 ppm foliar spray,Improved antioxidant capacity,LOW,Research use
FOLIAR_APPLICATION,,Cholecalciferol,Cholecalciferol (D3),Vitamin,Calcium signaling,Apply 5-20 ppm foliar spray,Enhanced calcium utilization,LOW,Specialty crops
FOLIAR_APPLICATION,,Phylloquinone,Phylloquinone (K1),Vitamin,Electron transport,Apply 5-20 ppm foliar spray,Improved photosynthetic electron flow,LOW,Research applications
FOLIAR_APPLICATION,,Rutin,Rutin,Vitamin-like,Antioxidant flavonoid,Apply 50-200 ppm foliar spray,Enhanced stress tolerance,MEDIUM,All crops
FOLIAR_APPLICATION,,PABA,Para-aminobenzoic acid (PABA),Vitamin-like,Folate precursor,Apply 50-200 ppm foliar spray,Improved folate metabolism,LOW,Experimental
FOLIAR_APPLICATION,,Orotic acid,Orotic acid,Vitamin-like,Nucleic acid precursor,Apply 25-100 ppm foliar spray,Enhanced nucleic acid synthesis,LOW,Research use
FOLIAR_APPLICATION,,Taurine,Taurine,Vitamin-like,Osmoprotectant,Apply 50-200 ppm foliar spray,Enhanced osmotic stress tolerance,LOW,Research use
FOLIAR_APPLICATION,,Alpha-lipoic acid,Alpha-Lipoic Acid,Vitamin-like,Antioxidant,Apply 25-100 ppm foliar spray,Enhanced redox balance,MEDIUM,All crops under stress
FOLIAR_APPLICATION,,PQQ,PQQ (Pyrroloquinoline quinone),Vitamin-like,Redox cofactor,Apply 10-50 ppm foliar spray,Improved growth stimulation,LOW,Experimental
SEED_TREATMENT,Stress reducer & rooting enhancer,NATCA,N-Acetyl-thiazolidine-4-carboxylic Acid,Biostimulant,Stress tolerance & rooting enhancement,Apply 100-300 ppm seed soak for 4-6 hours,Improved root development and stress tolerance,MEDIUM,"Seedlings, transplants"
FOLIAR_APPLICATION,Metabolite precursor stimulator,Dimethylethanolamine,Dimethylethanolamine,Biostimulant,Growth stimulant,Apply 25-100 ppm foliar spray,Enhanced growth rate and biomass,LOW,Experimental use
SEED_TREATMENT,Stress reducer & osmoprotection,Choline chloride,Choline chloride,Biostimulant,Osmoprotectant,Apply 50-200 ppm seed priming,Improved germination under stress,MEDIUM,All crop seeds
FOLIAR_APPLICATION,Nutrient uptake enhancer,Chitooligosaccharides,Chitooligosaccharides,Biostimulant,Elicitor,Apply 50-200 ppm foliar spray,Enhanced nutrient absorption and disease resistance,MEDIUM,All crops
SOIL_APPLICATION,Soil microbial enhancer,N-acetylglucosamine,N-acetylglucosamine,Biostimulant,Microbial activity enhancer,Apply 1-5 kg/ha soil incorporation,Increased beneficial microbial populations,MEDIUM,Organic farming systems
FOLIAR_APPLICATION,Stress tolerance & growth stimulation,Chitosan nanoparticles,Chitosan nanoparticles,Biostimulant,Elicitor,Apply 50-200 ppm foliar spray,Enhanced stress tolerance and growth,LOW,Research applications
FOLIAR_APPLICATION,Cytokinin-like activity,Ecklonia maxima,Ecklonia maxima extract,Biostimulant,Growth promoter,Apply 2-5 L/ha foliar spray,Enhanced shoot growth and stress tolerance,MEDIUM,All crops
FOLIAR_APPLICATION,Marine biostimulant,Sargassum extracts,Sargassum extract,Biostimulant,Nutrient chelation & hormesis,Apply 2-5 L/ha foliar spray,Improved nutrient uptake and yield,MEDIUM,All crops
FOLIAR_APPLICATION,Polysaccharide elicitor,Sodium Alginate,Alginate oligosaccharide,Biostimulant,Defense elicitor,fruit sprayed 0.5% w/v,"Enhanced disease resistance, fruit firmness with melatonin",MEDIUM,High-value crops
SOIL_APPLICATION,Foliar & soil conditioner,Chelated titanium,Chelated titanium,Biostimulant,Photosynthesis stimulator,Apply 0.5-2 kg/ha with fertilizer,Enhanced chlorophyll content and photosynthesis,LOW,Research use
SOIL_APPLICATION,Fertilizer efficiency enhancer,Polyglutamic acid,Polyglutamic acid (³-PGA),Biostimulant,Nutrient chelator,Apply 1-5 L/ha with fertilizer,Improved fertilizer uptake efficiency,HIGH,All crops
FOLIAR_APPLICATION,,Hydroxycinnamic Acids,Hydroxycinnamic Acids,Phenolic,Phenylpropanoid precursor,Apply 50–200 ppm foliar spray,Enhanced phenylpropanoid metabolism and stress tolerance,MEDIUM,All crops
FOLIAR_APPLICATION,Root initiation and tropism,PAA,Phenylacetic acid,Auxin-like,,Apply 50–200 ppm foliar spray,Stimulated root formation and shoot growth,LOW,Research
FOLIAR_APPLICATION,,Chromosaponin I,Chromosaponin I,Saponin,Root growth stimulation,Apply 0.1-0.2% soil drench,Increased root hair density and nutrient uptake,MEDIUM,"Lettuce, Arabidopsis"
FOLIAR_APPLICATION,,Diosgenin,Diosgenin,Saponin,Membrane permeability enhancement,Apply 100-500 ppm foliar spray,"Improved N,P,K uptake",MEDIUM,"Sweet potato, cereals"
FOLIAR_APPLICATION,,Willow bark,Willow extract,Phenolic,SA precursor,Apply 100-300 ppm foliar spray,Enhanced systemic resistance,MEDIUM,All crops
FOLIAR_APPLICATION,,Green tea,Green tea extract,Polyphenol,Antioxidant elicitor,Apply 100-500 ppm foliar spray,Increased antioxidant enzyme activity,MEDIUM,Leafy vegetables
FOLIAR_APPLICATION,,Echinacea,Purple coneflower extract,Polyphenol,Antioxidant defense & elicitor,Apply 100-500 ppm foliar spray,Enhanced stress tolerance and defense,MEDIUM,"Tomato, lettuce"
FOLIAR_APPLICATION,,Bamboo leaf,Bamboo extract,Polysaccharide,Elicit immune response,Apply 50-200 ppm foliar spray,Increased NO production and defense,MEDIUM,All crops
FOLIAR_APPLICATION,,Artichoke leaf,Artichoke extract,Polyphenol,Antioxidant and anti-aging,Apply 100-300 ppm foliar spray,Improved stress tolerance,MEDIUM,All crops
FOLIAR_APPLICATION,,Dandelion,Dandelion extract,Phenolic,Allelopathic regulator,Apply 100-500 ppm foliar spray,Selective germination inhibition of weeds,LOW,Weed control
FOLIAR_APPLICATION,,Plantain leaf,Plantain extract,Phenolic,Immune elicitor,Apply 100-500 ppm foliar spray,Enhanced NO and defense gene expression,MEDIUM,All crops
FOLIAR_APPLICATION,,Sucrose,Sucrose,Disaccharide,Metabolic & signaling,Apply 10-50% foliar spray,"Enhanced germination, stress tolerance",MEDIUM,"Tomato, lettuce"
FOLIAR_APPLICATION,,Trehalose,Trehalose,Disaccharide,Osmoprotectant,Apply 50-200 ppm foliar spray,Improved salt and drought tolerance,MEDIUM,All crops
FOLIAR_APPLICATION,,Glucose,Glucose,Monosaccharide,Antioxidant induction,Apply 50-200 ppm foliar spray,Increased antioxidant enzyme activity,LOW,All crops
FOLIAR_APPLICATION,,Maltose,Maltose,Disaccharide,Osmoprotection for microbes,Apply 50-200 ppm soil drench,Enhanced rhizobial stress tolerance,LOW,Legumes
FOLIAR_APPLICATION,,Sodium Salicylate,Sodium salicylate,Phenolic,Defense activator & stress tolerance,Apply 0.5-2 mM foliar spray,Enhanced disease resistance and antioxidant enzyme activity,MEDIUM,"Tomato, cucumber"
FOLIAR_APPLICATION,,Carbonic acid,Carbonic acid (H2CO3),Organic Acid,Photosynthesis enhancer,Apply 0.5-1% CO2-enriched foliar spray,Increased net photosynthesis and water-use efficiency,MEDIUM,"Wheat, drought-stressed crops"
SOIL_APPLICATION,,Carbonic acid,Carbonic acid (H2CO3),Organic Acid,pH maintenance & carboxylation,Apply 1-2 g/L bicarbonate in irrigation,Improved CO2 assimilation and biomass in hydroponics,MEDIUM,"Lettuce, hydroponic systems"
SOIL_APPLICATION,,Artemisinin,Artemisinin,Sesquiterpene lactone,Nematicidal agent,Apply 0.1-1 g/kg soil amendment,Reduced root-knot nematode galling by up to 70%,MEDIUM,"Tomato, root-knot nematode-prone crops"
FOLIAR_APPLICATION,,Artemisinin,Artemisinin,Sesquiterpene lactone,Antioxidant elicitor,Apply 50-200 mg/L foliar spray,Increased SOD and POD activity under heat stress,MEDIUM,All crops
FOLIAR_APPLICATION,,Cobalt,Cobalt (CoO NPs),Beneficial element,Metabolic modulator,Apply 50 mg/L foliar spray,Increased shoot length and starch content,MEDIUM,"Maize, cereals"
SEED_TREATMENT,,Nickel,Nickel (NiCl2),Beneficial element,N metabolism enhancer,Soak seeds in 0.1 mg/L solution,Improved germination and seedling vigor,MEDIUM,All crops
FOLIAR_APPLICATION,,Vanadium,Vanadium (VOSO4),Beneficial element,Growth stimulant,Apply 10 µM foliar spray,Enhanced plant height and flower production,MEDIUM,"Tomato, pepper"
FOLIAR_APPLICATION,,Iodine,Iodine (KIO3),Beneficial element,Defense elicitor,Apply 50 µM foliar spray,Upregulated antioxidant enzymes and stress tolerance,MEDIUM,All crops
FOLIAR_APPLICATION,,Selenium,Selenium (Na2SeO3),Beneficial element,Antioxidant inducer,Apply 10 µM foliar spray,Increased SOD/POD activity and stress resilience,MEDIUM,"Wheat, rice"
SOIL_APPLICATION,,Molasses,Molasses,Carbohydrate source,Rhizosphere stimulant,Apply 10 L/ha of 5% solution,Boosted microbial biomass and nutrient mineralization,MEDIUM,"Vegetables, cereals"
FOLIAR_APPLICATION,,Yeast broth,Yeast culture broth,Organic extract,Growth promoter,Apply 2 g/L foliar spray,Enhanced chlorophyll content and fruit set,MEDIUM,Tomato
SOIL_APPLICATION,,Milk whey,Milk whey,Organic byproduct,Microbial enhancer,Apply 5% soil drench,Increased beneficial microbes and yield,MEDIUM,Strawberry
SEED_TREATMENT,,Decylglucoside,Decylglucoside,Surfactant,Seed germination enhancer,Soak seeds in 0.5% solution,Improved germination and root development,MEDIUM,All crops
FOLIAR_APPLICATION,,Lecithin,Lecithin,Phospholipid,Defense adjuvant,Apply 0.2% foliar spray,Reduced pathogen infection and improved spray retention,MEDIUM,All crops
SEED_TREATMENT,,L-tryptophan,L-Tryptophan,Amino acid,Auxin precursor,Soak seeds in 50 ppm solution,Enhanced root initiation and lateral roots,MEDIUM,"Lettuce, tomato"
FOLIAR_APPLICATION,,HOCl,Hypochlorous acid,Oxidant,Defense elicitor,Apply 100 ppm foliar spray,Upregulated PR genes and pathogen resistance,MEDIUM,"Grapevine, Arabidopsis"
SEED_TREATMENT,,Sodium hypochlorite,Sodium hypochlorite,Oxidant,Seed sanitizer,Soak seeds in 100 ppm solution,Reduced seedborne pathogens and improved vigor,MEDIUM,"Cucumber, lettuce"
FOLIAR_APPLICATION,Nano-stimulation,"Metal nanoparticles (ZnO, FeO, CuO, Se, TiO2, Ag, CeO2)",Nanoparticles,Metal / metal-oxide nanoparticles,"Nano-priming, ROS signaling, micronutrient delivery",Foliar spray or seed treatment (low ppm),"Enhanced germination, growth and stress tolerance via nano-scale delivery",MEDIUM,"Cereals, vegetables, fruit crops"
FRUIT_MANAGEMENT,Anti-aging,Grape seed extract,Proanthocyanidins,Polyphenol,Antioxidant,Fruit injection 0.2-0.4% m/v,"Delayed ripening, increased sucrose content — fruits were injected with 1 mL PAs (0.2% and 0.4% m/v) at the fruit top using a syringe — Although 0.4% PA increased ABA levels, the overall ripening was delayed, not accelerated. increases sucrose content",MEDIUM,"Strawberry, fruits"
FRUIT_MANAGEMENT,Ripening delay,5-Azacytidine,5-Azacytidine (AZA),Nucleoside analog,DNA demethylation,Spray fruit 0.5-20 mM,"Decreased ABA, increased auxins/gibberellins, delayed ripening — DNA demethylating agent — spraying strawberry fruits with 20µmM — Decreased levels of abscisic acid (ABA), the ripening-promoting hormone. Increased levels of auxins and gibberellins, which inhibit ripening.",MEDIUM,"Strawberry, fruits"
GROWTH_REGULATION,Vegetative growth,GA3,Gibberellic Acid,Gibberellin,Cell elongation / flowering,Apply 25-200 ppm foliar,"Promoted vegetative growth and runner production; 100 mg/L best for vegetative results — 200 mg/L GA3 + long photoperiod: Increased flower abortion and malformed fruits, leading to reduced marketable yield. photoperiod and temperature—plays a critical role in modulating GA3 effects. — 30ppm + 10ppm CPPU — 25-40-60-75-100-200ppm, Sterile solutions of 0.5 mM GA3 in 0.053 M citric buffer, 0.094 M Na2PO4H adjusted to pH 4.5, containing 2% DMSO were applied to whole fruit with cotton swabs — sprayed three times in 30 days intervals, 15 days interval 30 and 60 days after planting. 100 mg/L produced the best vegetative results: — most effective treatment was 1.0 mM GA3 applied once a week for one week, during the third week after transplanting yielding nearly 13 runners per plant. once a week was more effective than twice-a-week",MEDIUM,"Strawberry, fruit crops"
FRUIT_MANAGEMENT,Ripening promotion,ABA + Sucrose,Abscisic Acid + Sucrose,Plant hormone + disaccharide,Ripening signaling + energy supply,"Spray fruit at white stage (95 µM ABA, 100 mM sucrose)","Shortened fruit development and ripening time; quality parameters unaffected — fruits sprayed at white stage with 95 µM ABA, 100 mM sucrose — the time frame of fruit development and ripening was shortened, but most of the major quality parameters in treated-ripe fruit were not affected",MEDIUM,"Strawberry, fruits"
FRUIT_MANAGEMENT,Ripening promotion,3-Bromopyruvate,3-Bromopyruvate (3-BrPA),Halogenated pyruvate,Glycolysis inhibitor,Spray fruit 5 mM,Accelerated ripening — fruits sprayed 5 mM — faster ripening,LOW,"Strawberry, fruits"
FRUIT_MANAGEMENT,Ripening promotion,Iodoacetamide,Iodoacetamide (IAM),Alkylating agent,Metabolic inhibitor,Spray fruit 5 mM,Accelerated ripening — fruits sprayed 5 mM — faster ripening,LOW,"Strawberry, fruits"
FRUIT_MANAGEMENT,Auxin inhibition,PCIB,p-Chlorophenoxyisobutyric acid,Aryloxy acid,Auxin antagonist,100 µg in 40 µL ethanol,Accelerated strawberry fruit coloration — 100 µg in 40 µl of ethanol — accelerates strawberry fruit coloration,LOW,"Strawberry, fruits"
FRUIT_MANAGEMENT,Ripening delay,GSH,Reduced glutathione,Tripeptide,Redox regulator,Fruit injection 0.5 mL of 100 mM,"Delayed ripening via reduced H2O2 — fruits at the de-greening stage (DG, 18 days after anthesis) were injected with 0.5 mL 100 mM GSH solution until drip ping — lower endogenous H2O2 levels caused by reduced glutathione (GSH) treatment resulted in a transient increase in glycolysis while delaying strawberry fruit ripening.",MEDIUM,"Strawberry, fruits"
FRUIT_MANAGEMENT,Ripening & shelf-life,MeJA (Methyl Jasmonate),Methyl Jasmonate (MeJA),Jasmonate,Jasmonate signaling,Fruit spray 230 µM,Prolonged strawberry shelf life; promotes maturation and stress tolerance — 230 µM — shelf life of strawberries harvested after MeJA treatment is prolonged,MEDIUM,"Strawberry, fruits"
FRUIT_MANAGEMENT,Ripening promotion,Ethephon,Ethephon,Ethylene releaser,Ethylene precursor,Fruit dip 7 mmol/L or 25-50 ppm,"Enhanced fruit set, weight and ripening — whole fruit were dipped for 5 min in a solution of 7 mmol L-1 ethephon (Ethrel®, 240 g L-1 a.i., 2-chloroethylphosphonic acid, which is metabolized by the plant into ethylene), 0.2 ml L-1 Tween 20® and 10 ml L-1 ethanol (both used as surfactants) 25 or 50 ppm in guava enhanced fruit set percentage, weight, quality of fruit — Green fruit treated with Ethephon had 16% and 13.5% greater mass and 5.4% and 4.0% larger diameter promote natural strawberry fruit red-coloring and softening and partially rescue anthocyanin biosynthesis in the two-type RNAi fruit, but the firmness was not markedly affected.",HIGH,"Guava, strawberry, fruits"
GROWTH_REGULATION,BR inhibitor,Brassinazole,Brassinazole (BZ),Triazole,Brassinosteroid biosynthesis inhibitor,Foliar treatment,Delayed fruit ripening (up to 7 days),LOW,"Strawberry, fruits"
FRUIT_MANAGEMENT,BR modulation,Epibrassinolide (BL),Epibrassinolide (BL),Brassinosteroid,Brassinosteroid signaling,Fruit treatment,BL/BZ promoted ripening up to 5 days ahead or delayed it by 7 days vs control — BL or BZ could promote or inhibit strawberry fruit ripening ahead of 5 days or delay of 7 days compared with the control,LOW,"Strawberry, fruits"
FRUIT_MANAGEMENT,Parthenocarpy,24-Epibrassinolide (EBR),24-Epibrassinolide (EBR),Brassinosteroid,Brassinosteroid signaling,Spray fruit 0.2 µM EBR,"Induced parthenocarpic fruit growth (~80.1% parthenocarpy); 1 ppm 28-homobrassinolide thrice at 10/20/30 days after planting — spayed 0.2 µM EBR — application of EBR to unpollinated flowers induced parthenocarpic growth and production of fruits similar to those of the pollinated flowers. Among them, 0.2 µM EBR treatment showed the highest parthenocarpy percentage (c. 80.1%)",MEDIUM,"Strawberry, fruits"
FRUIT_MANAGEMENT,Fruit growth,NAA,Naphthaleneacetic Acid,Synthetic auxin,Fruit set/growth promoter,Apply 30-400 ppm,"Reduced fruit drop, enlarged receptacle, delayed ripening — 40 ppm accelerates flowering by stimulating florigen production — 19.97 mg/l , 30-60-75-100-150-300ppm, The plant growth regulators were applied on the 30th and 45th days after planting on strawberry — reducing fruit drop spraying strawberry cv. with 400 ppm NAA resulted in the greatest natural product width, weightenlargement of receptacle, fruit size growth and delay fruit ripening",MEDIUM,"Strawberry, fruit crops"
GROWTH_REGULATION,Growth & ripening,Triacontanol (TRIA),Triacontanol,Long-chain alcohol,"Growth promotion, auxin/ABA/ethylene modulation",Foliar spray 1-150 ppm; 50 µM for fruit coloration,"Enhanced vegetative growth, fruit size/weight; accelerated fruit coloration and ripening; raised ABA/ethylene, lowered IAA; inhibited fruit-softening enzymes; promoted chlorophyll synthesis — strawberry plants with a small concentration of (TRIA) 1-30-35-100-150ppm this improved morphological adjectives TA treatment (50 µM) accelerated fruit coloration and ripening. Spray on the entire strawberry plant once before flowering/ Spray 50 µM TA directly onto the fruit surface. Effective at 5–50 ppm, especially when applied before flowering. Cover treated fruits with silver paper to reduce light exposure. Repeat treatment every other day, for a total of 3 applications. 10 µM resulted in enhanced vegetative growth (plant height, number of leaves per plant, plant speeded) of strawberry Sweet Charlie and reported that the plants treated with 5 ppm triacontanol took the maximum number of days for flowering, bud formation, and delayed harvesting 100 ppm triacontanol showed the maximum fruit size and fruit weight — Enhanced hormone levels: ABA and ethylene increased, while IAA decreased. Stress Resistance. inhibited enzymes linked to fruit softening. Promoted chlorophyll synthesis, Promoted auxin and ABA, Inhibited ethylene",MEDIUM,"Strawberry, fruit crops"
GROWTH_REGULATION,Cytokinin / runner promotion,6-BA,Benzyladenine (6-BA),Synthetic cytokinin,Cytokinin signaling,Foliar 50-150 ppm,"50 mg/L 6-BA significantly increased runner number; 50 ppm 6-BA + 50 ppm GA3 enlarged fruit dry weight — 50-100-150ppm — 50 mg/L 6-BA significantly increased the number of runners. — 50ppm 6BA + 50ppm GA3 one time at 3,5 leaf enlarge dry weight of fruit",MEDIUM,"Strawberry, fruits"
FRUIT_MANAGEMENT,Post-harvest,Hexanal,Hexanal,Aldehyde,Membrane protection,Post-harvest treatment,"Extended shelf life, maintained color — Extends shelf life, maintains fruit color. Used in papaya and mango post-harvest treatments",MEDIUM,"Papaya, mango, fruits"
GROWTH_REGULATION,Vigor & defense,Salicylic Acid,Salicylic acid,Phenolic,SAR inducer,Apply 2-8 mM foliar,"Increased fruit firmness, stress tolerance — 2 mM + 10 µM TRIA Two sprays were done; 1st at 3-4 leaf stage during spring growth & 2nd at 15 days after 1st application. — pre harvest spray of SA at 8 mM effective to increase the fruit firmness, — 75 ppm GA3 + 200 ppm SA produced the most robust results weekly or beweekly from 5 leaf — tomato plants were approximately 48 to 63 days old from sowing twice beweekly 50ppm GA3 + 50ppm SA",MEDIUM,"Strawberry, tomato, fruits"
FRUIT_MANAGEMENT,Fruit size,CPPU,Forchlorfenuron,Synthetic cytokinin,Cell division promoter,Apply 10-50 ppm foliar,"Increased fruit weight, length and retention — 10-50ppm foliar spray sprayed mango trees at 14 days after blooming which results that CPPU at 10 ppm, gave the best result in increasing fruit retention, number of fruit per cluster, fruit weight, volume and leaf area — ncreased fruit weight, length, and diamete",MEDIUM,"Mango, strawberry, fruits"
FRUIT_MANAGEMENT,Ripening delay,Melatonin,Melatonin,Indoleamine,Antioxidant / ripening signaling,Fruit spray 100 µM,"Delayed ripening, improved color, firmness and TSS — fruit sprayed 100 µM — delay ripening, impove colour, firmness, and TSS",MEDIUM,"Strawberry, fruits"
FOLIAR_APPLICATION,Stress signaling,GABA,GABA,Amino Acid,Stress signal molecule,10 mM,"Enhanced stress tolerance, fruit color, weight and firmness; reduced decay during storage",MEDIUM,"reharvest GABA Application Most effective at the red-turning stage.Improved fruit color, weight, firmness, SSC, and levels of citric acid, vitamin C, and soluble sugars. Postharvest GABA Treatment Delayed the decline of organic acids, sugars, firmness, color, and SSC. Reduced decay incidence and weight loss during storage. — Strawberry, tomato, fruit crops"
FOLIAR_APPLICATION,NO donor,Sodium nitroprusside,Sodium nitroprusside (SNP),Iron nitrosyl complex,Nitric oxide (NO) donor,Foliar application,NO-mediated stress tolerance and ripening signaling,LOW,Fruit crops
FOLIAR_APPLICATION,H2S donor,Sodium hydrosulfide,Sodium hydrosulfide (NaHS),Sulfide salt,Hydrogen sulfide (H2S) donor,Foliar application,H2S-mediated stress tolerance and ripening signaling,LOW,Fruit crops
GROWTH_REGULATION,Growth retardant,Ancymidol,Ancymidol,Pyrimidine,Gibberellin biosynthesis inhibitor,Foliar / drench,"Reduced vegetative growth, dwarfing — GA inhibitor",MEDIUM,"Ornamentals, fruit crops"
FOLIAR_APPLICATION,Hormone-like biostimulant,Polyhexamethylene guanidine,Polyhexamethylene guanidine (PHMG),Polymeric guanidine,Hormone-like growth regulation,Foliar application,Hormone-like action; growth regulation and disease protection,LOW,Various crops
